{
    "loss": 21.612224578857422,
    "accuracy": 0.48201438784599304
}