{
    "loss": 3.0320115089416504,
    "accuracy": 0.5467625856399536
}